SUBDIVISION,YEAR,JAN,FEB,MAR,APR,MAY,JUN,JUL,AUG,SEP,OCT,NOV,DEC,ANNUAL
andaman and nicobar islands,2000,53.0,59.0,171.3,218.1,422.8,357.0,176.3,460.8,250.1,321.2,158.3,115.2,2763.2
andaman and nicobar islands,2001,89.0,15.7,143.3,30.1,705.3,370.7,341.3,469.0,334.4,267.6,222.6,91.8,3080.9
andaman and nicobar islands,2002,10.6,0.0,11.5,100.2,366.7,358.3,317.4,429.8,420.0,169.0,306.7,129.9,2620.2
andaman and nicobar islands,2003,44.3,7.9,149.2,19.4,296.3,159.9,494.9,379.4,371.9,310.4,74.1,48.0,2355.9
andaman and nicobar islands,2004,54.5,35.9,36.5,41.6,505.1,423.9,378.9,308.7,280.7,223.9,169.9,0.4,2460.1
andaman and nicobar islands,2005,0.0,0.0,20.3,51.1,305.3,452.4,429.3,311.1,507.5,293.5,300.1,283.9,2954.7
andaman and nicobar islands,2006,16.3,14.4,48.9,163.7,321.4,366.0,182.7,219.6,546.5,374.7,76.1,74.4,2404.7
andaman and nicobar islands,2007,4.9,1.6,5.0,54.6,370.0,378.3,463.2,465.3,486.4,209.4,223.9,85.6,2748.0
andaman and nicobar islands,2008,9.9,67.7,115.8,216.1,545.5,457.8,511.2,482.1,332.0,243.7,321.1,72.0,3374.8
andaman and nicobar islands,2009,24.5,6.3,44.2,136.5,313.1,633.5,297.3,351.5,344.7,272.8,66.2,48.0,2538.6
andaman and nicobar islands,2010,101.7,8.0,0.7,12.5,319.0,448.9,521.9,563.8,263.3,402.4,268.5,246.4,3157.1
andaman and nicobar islands,2011,265.9,84.8,272.8,111.4,326.5,383.2,583.2,441.5,757.1,212.3,150.8,238.5,3828.0
andaman and nicobar islands,2012,119.9,45.6,30.9,55.8,533.9,458.2,317.3,369.6,868.9,209.7,300.5,187.3,3497.6
andaman and nicobar islands,2013,67.1,37.6,43.0,46.3,509.3,777.0,564.8,336.7,473.6,455.8,354.2,92.3,3757.8
andaman and nicobar islands,2014,41.9,8.6,0.0,11.1,238.0,416.6,467.6,321.6,412.9,402.6,201.2,100.4,2622.4
arunachal pradesh,2000,54.1,47.1,139.9,293.8,267.2,459.8,395.4,387.4,407.4,81.3,53.9,9.6,2596.8
arunachal pradesh,2001,53.1,66.6,134.9,229.9,195.6,277.2,302.6,279.9,288.1,173.8,19.3,14.9,2036.0
arunachal pradesh,2002,74.2,37.2,126.3,248.2,197.1,396.8,604.0,290.7,257.9,94.0,45.0,17.9,2389.2
arunachal pradesh,2003,22.9,83.2,109.6,182.0,173.5,424.3,645.3,327.2,259.9,182.6,25.0,16.2,2451.8
arunachal pradesh,2004,38.0,39.1,175.5,210.2,298.7,402.9,654.3,243.0,278.5,184.8,5.6,15.2,2545.7
arunachal pradesh,2005,48.4,167.6,229.5,195.3,179.8,269.3,430.8,400.0,243.6,139.3,28.6,3.3,2335.5
arunachal pradesh,2006,6.0,103.7,63.3,202.7,321.7,520.4,382.2,227.6,263.2,77.2,69.7,21.7,2259.6
arunachal pradesh,2007,13.4,97.4,48.1,292.4,250.4,530.2,761.0,364.6,529.3,102.6,24.3,6.9,3020.7
arunachal pradesh,2008,76.7,39.7,122.6,192.4,185.0,423.6,456.1,439.3,189.7,115.1,1.7,2.6,2244.4
arunachal pradesh,2009,18.0,92.8,72.1,132.7,189.9,259.1,329.9,370.3,152.5,82.9,33.9,15.9,1749.9
arunachal pradesh,2010,0.6,13.2,237.8,466.9,312.7,509.9,378.0,321.5,444.2,97.7,58.9,14.2,2855.7
arunachal pradesh,2011,40.0,51.3,174.5,240.8,219.6,288.4,531.4,277.6,286.7,51.9,16.2,15.2,2193.7
arunachal pradesh,2012,57.8,35.8,134.2,403.4,187.4,645.8,638.9,316.0,724.9,248.1,22.0,26.2,3440.3
arunachal pradesh,2013,18.5,40.5,115.1,175.1,335.8,290.0,329.6,230.2,316.1,164.1,13.3,14.6,2042.9
arunachal pradesh,2014,19.0,101.9,80.3,86.7,299.0,415.8,392.4,599.6,343.0,35.1,20.1,10.2,2403.2
assam,2000,20.5,13.7,65.9,238.5,375.1,540.2,313.3,513.2,299.9,83.9,22.2,0.4,2487.0
assam,2001,5.5,39.7,30.9,198.6,266.4,399.8,451.1,295.6,266.8,201.4,20.5,2.3,2178.4
assam,2002,20.2,5.7,83.3,279.9,286.9,502.5,565.1,312.5,209.7,49.5,69.4,7.9,2392.7
assam,2003,9.5,41.5,96.9,213.8,235.8,551.4,481.2,290.7,250.0,231.8,13.0,18.6,2434.1
assam,2004,15.3,19.5,72.8,340.8,342.2,397.9,848.4,286.2,317.2,340.8,6.5,6.6,2994.3
assam,2005,22.8,30.5,172.2,207.5,281.2,373.9,474.5,501.9,174.9,218.6,8.9,1.3,2468.3
assam,2006,0.7,40.9,20.8,169.0,325.7,395.9,350.3,209.7,252.3,97.6,25.1,10.7,1898.6
assam,2007,1.5,73.7,23.5,242.7,219.8,489.7,682.7,308.0,494.7,164.7,47.7,4.0,2752.8
assam,2008,29.7,14.5,107.5,156.2,210.6,414.6,493.2,508.6,267.5,133.4,2.2,1.6,2339.7
assam,2009,7.9,11.6,44.9,134.9,246.5,321.1,426.3,533.8,192.3,135.9,9.0,4.0,2068.2
assam,2010,0.5,3.1,99.6,389.3,393.4,569.7,415.1,387.0,318.3,116.2,11.6,7.6,2711.5
assam,2011,11.1,11.4,109.0,92.1,238.3,316.0,395.8,302.6,221.6,30.2,11.9,3.5,1743.4
assam,2012,15.2,6.9,28.8,279.1,185.8,729.7,444.3,289.2,411.6,199.4,17.1,2.3,2609.4
assam,2013,1.1,9.6,44.0,112.8,346.7,286.2,367.8,289.7,229.3,126.3,1.0,2.0,1816.4
assam,2014,2.0,28.3,29.3,51.5,351.1,426.4,374.4,484.6,420.2,35.0,3.0,0.4,2206.1
meghalaya,2000,20.5,13.7,65.9,238.5,375.1,540.2,313.3,513.2,299.9,83.9,22.2,0.4,2487.0
meghalaya,2001,5.5,39.7,30.9,198.6,266.4,399.8,451.1,295.6,266.8,201.4,20.5,2.3,2178.4
meghalaya,2002,20.2,5.7,83.3,279.9,286.9,502.5,565.1,312.5,209.7,49.5,69.4,7.9,2392.7
meghalaya,2003,9.5,41.5,96.9,213.8,235.8,551.4,481.2,290.7,250.0,231.8,13.0,18.6,2434.1
meghalaya,2004,15.3,19.5,72.8,340.8,342.2,397.9,848.4,286.2,317.2,340.8,6.5,6.6,2994.3
meghalaya,2005,22.8,30.5,172.2,207.5,281.2,373.9,474.5,501.9,174.9,218.6,8.9,1.3,2468.3
meghalaya,2006,0.7,40.9,20.8,169.0,325.7,395.9,350.3,209.7,252.3,97.6,25.1,10.7,1898.6
meghalaya,2007,1.5,73.7,23.5,242.7,219.8,489.7,682.7,308.0,494.7,164.7,47.7,4.0,2752.8
meghalaya,2008,29.7,14.5,107.5,156.2,210.6,414.6,493.2,508.6,267.5,133.4,2.2,1.6,2339.7
meghalaya,2009,7.9,11.6,44.9,134.9,246.5,321.1,426.3,533.8,192.3,135.9,9.0,4.0,2068.2
meghalaya,2010,0.5,3.1,99.6,389.3,393.4,569.7,415.1,387.0,318.3,116.2,11.6,7.6,2711.5
meghalaya,2011,11.1,11.4,109.0,92.1,238.3,316.0,395.8,302.6,221.6,30.2,11.9,3.5,1743.4
meghalaya,2012,15.2,6.9,28.8,279.1,185.8,729.7,444.3,289.2,411.6,199.4,17.1,2.3,2609.4
meghalaya,2013,1.1,9.6,44.0,112.8,346.7,286.2,367.8,289.7,229.3,126.3,1.0,2.0,1816.4
meghalaya,2014,2.0,28.3,29.3,51.5,351.1,426.4,374.4,484.6,420.2,35.0,3.0,0.4,2206.1
bihar,2000,0.5,12.1,3.6,37.2,96.2,267.2,264.3,201.4,314.8,9.6,0.0,0.1,1207.0
bihar,2001,1.0,0.5,3.0,12.6,98.4,224.4,224.7,225.9,274.8,181.3,0.5,0.0,1247.0
bihar,2002,13.4,11.3,2.2,25.0,74.8,116.6,386.1,247.7,192.8,33.8,1.4,0.7,1105.8
bihar,2003,13.2,39.7,10.2,21.9,41.4,230.9,356.8,310.6,183.9,142.0,0.2,3.0,1353.9
bihar,2004,22.7,2.1,2.2,32.0,72.7,246.8,418.4,175.9,115.3,56.4,3.1,0.0,1147.8
bihar,2005,13.9,14.3,12.1,7.7,28.6,82.5,300.0,309.1,105.1,34.3,0.0,0.2,907.8
bihar,2006,0.1,0.0,1.9,19.2,73.2,200.0,290.7,160.4,285.2,17.6,2.9,1.6,1052.8
bihar,2007,0.2,34.2,25.4,20.3,94.4,170.4,549.4,340.6,309.0,39.6,9.1,7.5,1600.2
bihar,2008,25.6,4.4,3.2,10.4,48.9,291.2,397.2,278.1,117.1,21.4,0.1,0.0,1197.7
bihar,2009,0.3,0.4,1.1,2.9,98.5,67.7,213.6,298.9,127.6,72.6,5.1,0.8,889.3
bihar,2010,0.1,1.1,0.2,6.5,44.4,80.9,191.2,158.4,105.7,33.6,5.0,2.1,629.2
bihar,2011,4.2,7.7,9.2,23.9,74.5,211.0,241.1,278.7,234.1,10.0,2.0,0.9,1097.1
bihar,2012,18.1,2.7,7.3,20.4,18.8,96.2,354.0,240.4,233.8,34.3,6.4,0.0,1032.4
bihar,2013,5.1,22.6,0.6,32.3,89.5,183.3,182.0,213.6,143.3,197.1,0.4,0.0,1069.9
bihar,2014,17.0,33.5,8.4,0.7,103.9,115.2,265.4,307.6,160.3,47.8,0.0,1.2,1061.0
chhattisgarh,2000,2.6,0.0,0.6,1.5,9.3,180.7,322.4,215.6,169.1,4.3,0.2,0.1,906.3
chhattisgarh,2001,0.8,0.3,14.6,17.6,16.6,339.4,630.6,380.3,108.4,86.9,4.6,0.0,1600.1
chhattisgarh,2002,41.5,4.9,12.2,3.3,32.1,196.3,138.4,352.4,122.3,57.8,13.3,15.9,990.2
chhattisgarh,2003,3.7,17.7,12.1,2.6,0.7,128.7,446.6,519.7,384.1,157.6,5.8,14.9,1694.3
chhattisgarh,2004,37.8,16.7,3.1,21.2,6.8,213.1,323.1,351.7,126.5,43.9,0.7,0.1,1144.5
chhattisgarh,2005,57.6,15.6,6.1,6.5,16.4,197.0,393.8,267.7,240.5,83.5,1.6,1.0,1287.2
chhattisgarh,2006,2.7,0.0,26.2,17.2,23.5,92.2,495.1,447.2,184.6,13.3,15.1,0.7,1317.7
chhattisgarh,2007,0.0,15.7,6.2,11.4,10.4,259.4,309.9,338.8,259.1,67.8,2.0,0.5,1281.2
chhattisgarh,2008,6.7,9.7,22.2,11.2,9.5,236.4,280.5,305.1,215.4,10.7,1.2,0.0,1108.5
chhattisgarh,2009,1.2,0.0,2.3,1.9,11.2,45.3,455.0,247.1,104.7,43.6,42.5,1.9,956.6
chhattisgarh,2010,7.9,4.9,1.0,5.9,12.6,102.6,426.8,340.3,302.5,54.3,20.2,27.6,1306.6
chhattisgarh,2011,0.3,11.5,2.6,35.0,16.8,183.5,272.6,379.8,382.2,15.5,0.0,2.8,1302.7
chhattisgarh,2012,36.6,4.8,1.1,14.9,9.4,147.3,430.6,442.2,245.3,19.8,20.4,5.0,1377.4
chhattisgarh,2013,2.8,19.7,4.9,45.8,5.7,263.6,418.8,336.6,140.9,180.9,0.3,0.0,1420.0
chhattisgarh,2014,2.3,29.0,21.4,17.3,25.0,104.9,416.7,327.7,252.7,77.9,2.6,1.1,1278.7
andhra pradesh,2000,0.1,42.4,0.7,19.1,68.4,200.5,154.1,311.5,102.9,69.6,10.6,12.4,992.3
andhra pradesh,2001,4.6,3.8,20.0,54.1,50.8,117.2,123.0,170.7,187.2,196.0,78.0,4.1,1009.3
andhra pradesh,2002,28.0,0.0,7.3,34.8,35.0,115.2,74.7,173.5,71.7,148.7,14.3,0.0,703.2
andhra pradesh,2003,6.2,19.4,40.7,19.4,12.2,104.0,241.7,158.3,130.2,252.3,11.5,101.1,1096.8
andhra pradesh,2004,24.0,11.4,11.6,40.1,57.6,152.8,192.1,125.0,101.7,147.9,9.4,0.2,873.6
andhra pradesh,2005,13.6,8.0,17.4,32.2,48.4,88.1,151.5,105.9,398.1,298.0,56.2,4.2,1221.6
andhra pradesh,2006,0.0,0.0,30.7,58.0,67.6,132.0,126.8,279.7,224.1,185.4,55.3,0.0,1159.6
andhra pradesh,2007,0.0,5.1,0.1,8.5,13.0,300.1,141.0,164.4,287.1,167.7,11.9,0.5,1099.2
andhra pradesh,2008,3.2,61.6,93.8,18.5,34.9,119.8,208.5,276.2,166.8,51.6,71.4,1.2,1107.5
andhra pradesh,2009,0.0,0.0,5.7,6.4,53.0,72.6,140.9,163.5,151.9,92.6,102.6,1.3,790.5
andhra pradesh,2010,21.8,2.3,4.4,14.8,162.0,156.1,318.9,248.6,230.5,204.0,210.9,138.2,1712.4
andhra pradesh,2011,0.0,17.9,0.9,62.3,67.9,86.8,196.0,215.8,129.7,74.6,4.9,5.0,861.9
andhra pradesh,2012,37.6,0.0,2.7,24.0,39.3,95.4,221.9,221.2,246.5,140.0,289.7,0.0,1318.4
andhra pradesh,2013,2.0,29.6,0.2,48.0,28.2,127.5,162.4,123.1,132.0,411.5,53.1,2.8,1120.5
andhra pradesh,2014,0.4,1.2,9.1,6.0,112.9,45.7,151.8,177.8,144.5,195.6,23.7,6.4,874.9
rajasthan,2000,0.3,0.6,0.4,2.3,21.0,20.2,270.6,95.5,28.7,0.4,0.0,0.1,440.0
rajasthan,2001,0.9,0.1,0.3,6.4,22.9,100.2,271.4,126.4,7.7,9.2,0.0,5.8,551.2
rajasthan,2002,1.6,11.0,0.1,1.2,8.6,71.4,13.5,130.6,41.2,0.8,0.8,4.5,285.3
rajasthan,2003,4.1,21.4,0.5,0.2,3.5,76.6,245.8,178.5,93.6,0.1,0.0,2.3,626.6
rajasthan,2004,2.5,0.0,0.0,2.2,9.3,52.8,105.8,380.9,24.7,27.5,0.4,0.1,606.2
rajasthan,2005,0.4,3.6,5.7,6.2,4.8,55.6,239.0,80.0,172.5,0.0,0.0,0.0,567.9
rajasthan,2006,0.0,0.0,11.9,0.4,13.1,73.8,215.9,341.5,88.9,2.4,0.1,0.5,748.4
rajasthan,2007,0.7,16.8,10.6,1.5,5.5,63.0,223.0,167.9,86.1,0.0,0.0,0.5,575.7
rajasthan,2008,0.1,0.0,0.5,9.0,22.1,160.6,166.1,167.9,112.7,3.0,2.4,0.1,644.6
rajasthan,2009,0.5,0.2,2.4,0.2,5.7,38.9,189.1,113.3,45.5,10.9,7.0,0.5,414.1
rajasthan,2010,1.9,2.4,0.5,0.4,0.7,27.3,196.2,275.9,128.9,0.8,49.5,5.0,689.4
rajasthan,2011,0.0,11.2,0.2,0.5,5.1,140.9,193.6,284.1,166.4,0.0,0.0,0.0,802.1
rajasthan,2012,1.9,0.0,0.0,3.6,9.5,11.2,170.5,365.0,131.3,0.5,0.0,0.1,693.6
rajasthan,2013,1.4,21.7,0.4,3.2,1.0,90.6,319.0,278.5,88.0,30.6,1.3,0.3,836.1
rajasthan,2014,28.4,10.0,6.4,7.3,8.4,23.5,197.1,261.0,136.9,3.2,0.0,1.1,683.3
uttar pradesh,2000,2.6,5.3,2.9,10.5,38.6,199.1,240.9,204.7,222.7,1.3,18.1,0.2,946.8
uttar pradesh,2001,1.1,1.4,1.3,4.2,26.7,229.0,294.0,185.9,152.1,75.3,2.8,0.0,973.8
uttar pradesh,2002,15.0,26.1,0.6,2.5,29.2,50.6,101.7,212.1,226.7,20.6,1.4,2.7,689.1
uttar pradesh,2003,13.8,36.9,2.6,8.8,2.0,124.9,255.2,301.4,333.8,7.6,0.0,9.3,1096.4
uttar pradesh,2004,22.8,1.8,0.0,8.7,25.8,161.0,219.5,147.6,126.5,33.0,0.1,0.1,746.9
uttar pradesh,2005,14.0,14.0,10.3,0.9,8.0,57.5,290.3,227.3,119.7,25.2,0.0,2.9,770.3
uttar pradesh,2006,0.0,0.0,10.7,7.8,27.1,107.4,269.1,146.7,51.5,9.1,1.2,1.5,632.1
uttar pradesh,2007,0.1,46.6,25.8,3.2,28.3,64.5,265.2,180.4,111.5,14.6,0.0,1.1,741.2
uttar pradesh,2008,3.1,2.4,0.2,3.0,16.1,223.7,341.6,239.6,112.7,10.3,0.6,0.0,953.4
uttar pradesh,2009,0.0,1.1,0.8,0.6,22.8,29.9,149.4,177.0,139.6,80.9,4.9,3.0,610.2
uttar pradesh,2010,2.2,10.0,0.0,0.0,14.7,23.9,220.8,215.9,184.5,15.5,4.5,0.1,692.2
uttar pradesh,2011,1.0,2.7,1.6,2.9,32.2,163.8,197.9,232.1,146.4,0.6,0.0,0.0,781.2
uttar pradesh,2012,20.3,1.2,3.4,2.8,0.2,18.5,234.2,156.0,164.4,0.7,0.3,0.7,602.7
uttar pradesh,2013,6.1,59.6,2.7,8.7,1.1,309.7,230.0,246.1,78.2,97.4,0.5,1.1,1041.4
uttar pradesh,2014,47.4,25.8,15.4,1.7,10.7,47.8,224.5,138.1,106.7,74.7,0.0,8.4,701.2
west bengal,2000,9.5,57.9,3.8,54.0,215.0,205.6,341.5,178.4,428.4,76.2,1.6,0.1,1572.1
west bengal,2001,0.3,1.9,32.8,49.4,175.8,384.2,269.3,248.7,205.9,163.6,8.8,0.0,1540.6
west bengal,2002,26.3,1.5,26.6,77.4,114.1,347.7,281.6,289.3,326.4,71.5,50.9,0.1,1613.3
west bengal,2003,0.5,11.7,70.0,36.3,81.9,280.5,253.4,239.3,155.0,341.5,8.9,17.7,1496.7
west bengal,2004,3.3,1.6,14.9,62.8,72.9,287.5,250.7,389.9,264.3,220.7,0.0,0.8,1569.4
west bengal,2005,26.8,11.8,82.8,41.8,82.4,200.1,354.5,226.7,221.3,351.7,0.0,4.9,1604.9
west bengal,2006,0.8,3.0,10.6,60.5,120.8,221.0,486.6,320.3,380.9,49.7,5.9,0.3,1660.5
west bengal,2007,3.9,56.2,39.3,38.7,98.7,226.3,610.1,328.0,459.9,55.8,24.6,0.0,1941.4
west bengal,2008,49.4,12.4,11.5,42.8,94.4,414.5,338.4,252.2,267.3,72.3,0.0,0.2,1555.2
west bengal,2009,2.4,1.4,17.9,2.6,229.0,69.7,277.6,332.7,294.6,77.3,9.4,0.3,1315.0
west bengal,2010,0.2,10.3,8.0,15.9,127.5,189.3,196.3,192.6,192.6,96.2,6.3,29.7,1064.8
west bengal,2011,2.5,2.7,40.5,75.0,132.6,434.5,219.9,443.2,295.9,36.9,1.3,1.4,1686.5
west bengal,2012,40.7,15.3,4.4,57.7,44.2,146.6,315.0,261.4,246.9,64.2,47.0,24.6,1268.0
west bengal,2013,2.5,10.0,4.8,45.6,195.9,233.4,263.2,401.4,254.0,353.2,0.0,0.0,1764.1
west bengal,2014,0.9,42.2,19.9,1.9,124.4,193.6,298.7,292.6,229.5,56.9,0.1,0.6,1261.4
gujarat,2000,0.0,0.1,0.0,0.0,36.1,62.9,301.1,133.0,13.5,0.2,0.0,3.6,550.6
gujarat,2001,6.1,0.0,0.0,0.2,2.1,216.9,320.0,256.8,17.8,28.9,0.2,0.0,849.0
gujarat,2002,4.1,0.0,0.1,0.0,0.0,234.2,45.8,238.5,113.7,0.6,0.1,0.1,637.2
gujarat,2003,0.0,6.1,0.1,0.0,0.0,209.3,518.7,314.6,109.5,1.9,0.0,0.0,1160.3
gujarat,2004,0.0,0.0,0.0,0.0,4.4,135.5,238.2,553.7,51.8,22.2,0.0,0.0,1005.8
gujarat,2005,0.0,0.0,0.0,0.0,0.3,367.3,378.7,229.4,339.2,1.4,0.0,0.0,1316.4
gujarat,2006,0.0,0.0,0.8,0.0,0.2,123.5,576.0,624.8,140.6,9.2,2.9,0.0,1478.0
gujarat,2007,0.1,0.4,0.0,0.0,0.3,94.0,567.8,345.6,169.4,0.0,1.4,0.0,1178.9
gujarat,2008,0.0,0.0,0.0,3.1,0.1,58.2,261.9,369.5,204.3,11.6,0.1,2.3,911.1
gujarat,2009,0.0,0.0,0.3,0.0,0.0,17.0,390.3,143.5,54.9,27.4,8.1,0.0,641.6
gujarat,2010,0.2,0.0,0.0,0.0,0.0,59.3,328.2,431.0,216.6,12.2,41.0,0.2,1088.7
gujarat,2011,0.0,0.2,0.0,0.0,0.0,16.3,259.2,451.7,162.5,0.4,0.0,0.0,890.5
gujarat,2012,0.1,0.0,0.0,0.0,0.0,34.4,178.2,230.3,263.8,7.1,0.0,0.0,714.0
gujarat,2013,0.0,0.9,0.1,4.6,0.0,155.7,405.4,211.1,287.3,53.2,0.1,0.0,1118.6
gujarat,2014,5.7,0.1,0.2,1.0,1.3,11.6,307.5,138.6,235.1,3.3,1.3,0.0,705.7
haryana,2000,17.1,29.1,1.4,1.3,22.8,58.9,146.8,87.9,17.5,0.0,0.4,1.2,384.4
haryana,2001,17.8,5.2,7.2,19.8,47.8,117.2,145.2,103.5,10.3,11.1,0.1,0.2,485.5
haryana,2002,11.6,31.1,9.0,1.1,52.0,21.2,19.4,78.2,123.0,1.9,0.0,8.8,357.2
haryana,2003,14.7,29.9,4.0,1.8,7.5,26.6,277.6,165.3,58.9,0.0,0.1,11.0,597.6
haryana,2004,25.4,0.3,0.0,18.1,40.7,52.5,19.9,252.9,22.1,54.1,0.0,1.2,487.3
haryana,2005,13.9,35.7,29.9,2.7,7.6,53.9,175.6,52.6,146.7,0.0,0.8,0.0,519.5
haryana,2006,2.3,0.1,30.4,0.6,24.8,45.4,135.2,32.1,49.9,3.8,1.2,5.2,330.9
haryana,2007,0.5,76.0,40.1,2.0,12.4,88.7,82.0,87.9,55.2,0.1,0.3,1.4,446.6
haryana,2008,2.4,0.4,0.6,13.4,72.9,193.5,124.3,174.2,114.5,8.4,5.5,0.2,710.4
haryana,2009,4.1,5.9,5.7,11.7,17.7,15.2,106.4,63.8,160.8,2.5,1.1,0.4,395.4
haryana,2010,4.8,10.2,0.5,0.8,5.9,29.1,189.3,198.5,183.9,1.1,3.5,12.8,640.5
haryana,2011,0.7,26.7,6.9,8.9,28.7,94.4,85.0,127.3,133.1,0.0,0.0,0.4,512.0
haryana,2012,8.2,0.2,0.1,11.8,3.8,5.3,68.1,196.6,90.7,2.4,0.6,3.5,391.4
haryana,2013,21.1,52.2,5.3,3.3,1.4,62.1,96.5,161.9,42.8,10.9,1.7,2.1,461.2
haryana,2014,13.0,17.3,26.8,7.5,20.3,25.9,72.3,34.8,67.3,10.5,0.2,9.6,305.5
himachal pradesh,2000,118.2,119.0,68.1,25.6,79.9,198.0,265.1,126.7,50.1,0.0,10.5,6.9,1068.4
himachal pradesh,2001,30.5,35.7,105.8,66.9,67.3,153.8,239.5,202.3,26.9,5.0,20.8,37.3,991.8
himachal pradesh,2002,66.7,136.5,136.9,124.0,27.0,56.1,81.8,225.6,123.1,8.2,0.7,3.9,990.4
himachal pradesh,2003,39.5,116.6,113.0,52.9,35.9,61.4,187.7,228.7,135.5,0.3,22.5,40.4,1034.5
himachal pradesh,2004,86.2,43.0,5.9,54.7,57.6,76.1,141.3,202.5,47.6,104.7,9.3,49.4,878.5
himachal pradesh,2005,147.8,222.9,143.3,35.2,52.4,52.6,317.2,114.2,156.3,1.8,0.3,4.5,1248.5
himachal pradesh,2006,102.5,38.2,137.3,44.3,68.4,104.8,260.3,274.2,92.8,17.5,26.9,51.2,1218.4
himachal pradesh,2007,1.3,121.0,177.0,9.6,39.3,155.7,155.2,234.3,85.7,18.7,1.0,35.6,1034.5
himachal pradesh,2008,129.9,63.2,6.3,44.4,42.9,187.3,194.9,224.7,142.6,33.9,5.3,38.9,1114.2
himachal pradesh,2009,54.8,45.9,43.4,91.2,53.5,45.5,170.2,162.6,172.1,16.4,93.1,7.8,956.5
himachal pradesh,2010,25.5,96.6,45.1,60.3,81.4,108.5,291.8,274.1,176.7,30.5,10.8,58.1,1259.4
himachal pradesh,2011,43.9,97.4,49.7,62.4,45.1,118.3,177.7,380.2,120.3,6.0,0.3,6.9,1108.3
himachal pradesh,2012,92.3,51.3,28.4,55.9,9.4,31.1,241.5,280.6,133.1,3.1,3.2,21.8,951.6
himachal pradesh,2013,79.9,182.6,76.6,28.9,32.6,233.6,208.8,240.0,65.8,21.8,16.6,24.8,1211.9
himachal pradesh,2014,69.6,124.9,125.2,60.6,68.9,51.7,203.6,146.7,84.6,19.3,4.5,49.3,1008.7
jammu and kashmir,2000,159.5,106.6,90.4,30.4,51.1,95.5,193.7,123.6,73.2,1.4,21.0,38.2,984.6
jammu and kashmir,2001,17.4,54.3,81.7,92.8,69.6,121.7,243.9,126.7,53.9,12.7,51.6,26.4,952.7
jammu and kashmir,2002,58.7,101.2,105.5,86.3,33.0,94.2,78.7,217.4,97.9,15.2,0.7,14.6,903.5
jammu and kashmir,2003,26.9,267.2,170.9,117.5,111.3,41.0,136.0,185.5,126.1,13.3,33.7,81.7,1311.1
jammu and kashmir,2004,176.0,70.6,21.2,118.9,87.5,95.2,118.0,77.9,40.5,73.3,23.3,42.4,944.9
jammu and kashmir,2005,296.0,403.5,189.7,64.9,92.0,41.6,440.3,77.7,50.0,14.6,21.8,0.5,1692.7
jammu and kashmir,2006,200.3,92.3,96.8,34.4,43.8,74.3,209.0,331.5,203.0,46.2,72.5,115.8,1519.8
jammu and kashmir,2007,12.3,116.7,259.3,15.0,65.6,143.9,132.4,196.8,33.0,1.6,0.0,47.0,1023.5
jammu and kashmir,2008,153.5,130.8,9.9,97.7,63.3,134.9,266.3,166.0,44.7,42.4,25.2,89.8,1224.5
jammu and kashmir,2009,120.3,117.9,63.7,113.5,64.3,64.1,,96.5,50.5,8.1,,,
jammu and kashmir,2010,30.9,142.2,34.9,63.9,128.3,67.4,137.3,253.2,65.0,25.0,13.6,36.1,997.9
jammu and kashmir,2011,43.4,211.6,97.8,89.0,32.4,72.5,81.6,131.2,72.0,19.4,12.9,23.8,887.6
jammu and kashmir,2012,150.9,95.8,45.2,86.6,48.9,32.6,118.8,264.9,106.7,15.7,10.8,57.8,1034.7
jammu and kashmir,2013,52.2,136.4,41.9,47.4,47.4,80.5,125.1,219.1,41.2,34.4,13.4,20.3,859.3
jammu and kashmir,2014,75.8,64.0,153.1,76.1,52.7,25.3,100.5,134.6,362.8,32.2,14.1,2.3,1093.4
jharkhand,2000,3.6,21.2,6.3,19.6,67.7,185.3,358.4,152.8,356.9,19.1,0.4,0.2,1191.5
jharkhand,2001,1.9,4.0,30.0,14.0,57.4,324.7,354.6,219.4,132.8,115.5,0.2,0.0,1254.4
jharkhand,2002,9.0,5.4,10.7,11.5,38.7,184.9,186.8,277.4,253.4,55.0,1.3,0.8,1034.9
jharkhand,2003,3.3,30.5,33.6,17.9,21.5,152.4,247.5,245.1,224.0,255.5,6.2,7.4,1245.0
jharkhand,2004,5.5,2.7,3.1,41.0,31.1,184.4,200.7,327.0,211.5,128.1,0.1,1.6,1136.6
jharkhand,2005,22.1,17.5,17.7,9.6,23.5,157.2,266.4,214.5,141.5,83.1,1.3,6.1,960.4
jharkhand,2006,0.3,0.2,22.4,15.7,107.4,198.3,447.1,337.2,298.7,24.6,7.4,0.0,1459.5
jharkhand,2007,1.7,48.4,25.5,22.3,58.1,125.4,430.4,353.6,324.7,39.6,7.6,0.0,1437.3
jharkhand,2008,19.4,3.6,6.2,10.7,42.9,366.3,377.9,310.5,152.9,34.0,1.0,0.0,1325.3
jharkhand,2009,1.8,0.8,2.0,0.8,78.1,62.7,266.6,248.0,248.8,82.2,4.0,0.5,996.1
jharkhand,2010,0.2,2.3,0.9,6.3,29.2,92.6,170.2,155.1,160.5,55.1,4.7,20.0,697.1
jharkhand,2011,3.3,2.5,6.4,25.4,55.0,349.0,181.8,403.2,324.6,23.3,0.0,0.1,1374.7
jharkhand,2012,34.6,10.3,1.5,9.6,6.6,121.1,287.2,282.4,217.6,37.8,48.6,7.6,1065.0
jharkhand,2013,1.1,17.9,1.6,22.3,85.0,181.5,211.1,278.1,173.8,281.1,0.0,0.0,1253.6
jharkhand,2014,9.9,47.5,22.9,1.9,98.2,139.7,321.3,290.9,178.2,44.9,0.0,1.2,1156.6
kerala,2000,11.7,57.8,21.5,96.3,124.5,633.8,343.2,566.5,195.8,214.2,78.1,69.1,2412.6
kerala,2001,16.5,28.3,7.0,238.0,238.6,715.3,598.5,361.3,216.8,319.6,181.0,10.1,2931.1
kerala,2002,4.7,8.7,35.7,117.3,330.8,503.1,318.7,438.2,99.0,511.7,137.5,2.1,2507.4
kerala,2003,0.7,50.9,82.1,134.4,91.0,566.7,532.0,350.3,93.6,407.0,76.4,9.7,2394.9
kerala,2004,2.4,8.1,37.9,113.2,610.9,673.4,385.4,417.9,192.8,320.6,120.7,2.7,2886.1
kerala,2005,19.8,7.0,25.3,205.9,134.8,619.2,832.7,291.0,414.7,240.1,184.3,56.4,3031.1
kerala,2006,8.1,0.5,90.7,65.3,521.2,482.4,804.0,432.6,474.8,376.4,162.8,1.8,3420.6
kerala,2007,0.5,5.6,7.3,138.5,192.7,705.9,966.3,489.6,526.7,357.2,87.4,11.9,3489.6
kerala,2008,0.8,30.3,217.2,108.4,81.2,469.9,505.1,349.0,347.0,343.4,55.4,17.0,2524.5
kerala,2009,3.3,1.5,62.6,69.0,191.6,438.2,924.9,269.3,326.5,205.2,274.4,44.2,2810.6
kerala,2010,18.6,1.0,31.4,138.9,190.6,667.5,629.0,356.0,275.6,441.4,335.1,46.8,3131.8
kerala,2011,20.5,45.7,24.1,165.2,124.2,788.5,536.8,492.7,391.2,227.2,169.7,49.5,3035.1
kerala,2012,7.4,11.0,21.0,171.1,95.3,430.3,362.6,501.6,241.1,187.5,112.9,9.4,2151.1
kerala,2013,3.9,40.1,49.9,49.3,119.3,1042.7,830.2,369.7,318.6,259.9,154.9,17.0,3255.4
kerala,2014,4.6,10.3,17.9,95.7,251.0,454.4,677.8,733.9,298.8,355.5,99.5,47.2,3046.4
goa,2000,1.2,0.0,0.0,0.9,190.3,739.4,1200.4,789.5,111.9,91.8,1.6,6.2,3133.2
goa,2001,5.6,0.0,0.0,2.8,59.6,540.1,873.4,611.3,207.9,91.6,3.1,0.0,2395.4
goa,2002,0.0,0.0,0.1,2.8,9.4,942.0,452.8,834.5,217.1,75.3,3.0,0.3,2537.2
goa,2003,0.5,0.6,0.8,1.2,11.2,865.3,1013.9,593.7,298.7,54.4,1.9,0.0,2842.3
goa,2004,0.0,0.0,0.0,10.4,46.9,678.6,902.3,1011.5,293.3,32.9,10.2,0.0,2985.9
goa,2005,1.3,0.1,1.9,4.0,9.8,730.2,1340.9,772.2,678.8,76.5,0.0,0.1,3615.7
goa,2006,0.0,0.0,9.9,0.0,211.8,683.1,1066.2,886.4,399.9,202.4,22.5,0.0,3482.2
goa,2007,0.0,0.0,0.1,3.3,33.4,939.3,841.3,980.2,609.0,45.6,16.0,0.1,3468.5
goa,2008,0.0,0.1,31.5,0.3,11.1,798.5,766.6,833.1,551.2,57.3,0.9,2.4,3053.1
goa,2009,0.0,0.0,0.3,0.1,5.6,330.6,1271.2,292.9,387.5,307.4,121.0,0.0,2716.6
goa,2010,2.7,0.0,0.0,1.5,8.2,680.8,1405.3,850.0,531.3,190.2,106.7,1.4,3778.1
goa,2011,0.0,0.0,0.0,3.4,1.1,857.0,1384.1,987.9,468.3,120.3,3.1,0.0,3825.2
goa,2012,0.0,0.0,0.0,0.6,1.1,633.0,928.5,762.5,515.3,175.1,2.3,0.0,3018.4
goa,2013,1.8,5.4,0.1,0.1,18.5,1028.3,1478.5,497.6,340.7,149.3,2.1,1.5,3524.0
goa,2014,1.3,5.3,1.8,0.7,21.3,238.2,1293.2,658.0,419.5,98.7,8.0,11.7,2757.5
lakshadweep,2000,83.3,18.9,3.4,47.9,204.6,225.4,95.5,319.9,164.5,141.4,56.3,11.0,1372.1
lakshadweep,2001,4.4,20.4,0.0,104.6,187.3,283.9,198.9,144.3,213.5,105.2,101.5,16.6,1380.6
lakshadweep,2002,10.8,16.8,7.2,23.4,189.8,261.8,81.3,143.9,50.0,178.2,52.9,17.4,1033.5
lakshadweep,2003,11.8,18.2,28.5,18.1,109.6,364.5,400.6,92.1,84.3,191.6,206.1,7.5,1532.9
lakshadweep,2004,7.2,1.5,1.9,7.7,330.2,251.2,280.8,169.5,200.0,193.4,107.6,2.2,1553.2
lakshadweep,2005,17.6,11.1,0.0,37.0,92.8,248.5,378.9,102.4,278.0,164.2,218.3,26.6,1575.4
lakshadweep,2006,20.1,0.0,33.0,0.3,327.9,286.9,172.3,150.7,318.5,119.1,158.9,10.9,1598.6
lakshadweep,2007,2.5,4.2,0.2,22.2,166.2,573.4,427.4,294.7,457.5,256.1,47.6,109.6,2361.6
lakshadweep,2008,5.5,19.8,120.7,15.8,180.4,254.6,363.9,206.6,108.9,252.9,67.6,130.1,1726.8
lakshadweep,2009,4.7,1.5,0.1,18.1,162.1,401.2,266.4,185.0,145.1,87.4,166.2,132.3,1570.1
lakshadweep,2010,18.8,0.0,1.2,35.6,79.0,318.9,336.7,335.1,161.5,155.4,201.5,81.5,1725.2
lakshadweep,2011,5.1,2.8,3.1,85.9,107.2,153.6,350.2,254.0,255.2,117.4,184.3,14.9,1533.7
lakshadweep,2012,19.2,0.1,1.6,76.8,21.2,327.0,231.5,381.2,179.8,145.9,12.4,8.8,1405.5
lakshadweep,2013,26.2,34.4,37.5,5.3,88.3,426.2,296.4,154.4,180.0,72.8,78.1,26.7,1426.3
lakshadweep,2014,53.2,16.1,4.4,14.9,57.4,244.1,116.1,466.1,132.2,169.2,59.0,62.3,1395.0
maharashtra,2000,0.4,1.1,0.2,1.7,18.5,173.0,198.7,159.6,87.0,56.5,2.7,2.1,701.6
maharashtra,2001,4.4,0.0,0.3,4.7,8.4,157.9,179.3,160.9,137.3,125.5,5.7,0.5,785.1
maharashtra,2002,1.7,3.1,1.0,13.0,14.4,251.9,95.6,221.5,95.8,36.3,5.9,0.0,740.3
maharashtra,2003,0.8,2.2,1.5,5.7,15.1,210.8,208.7,178.4,116.2,29.5,3.5,0.1,772.6
maharashtra,2004,0.1,0.1,0.0,4.7,49.0,215.9,174.2,354.1,181.2,42.1,8.0,0.1,1029.5
maharashtra,2005,3.6,0.4,1.6,11.1,7.8,240.5,361.2,256.1,276.4,62.7,0.0,0.0,1221.3
maharashtra,2006,0.0,0.0,7.1,0.2,42.3,205.3,416.4,421.7,217.0,60.1,25.5,0.0,1395.7
maharashtra,2007,1.3,0.4,0.0,2.1,5.5,266.9,293.5,274.2,189.2,3.4,3.9,0.0,1040.4
maharashtra,2008,0.0,0.0,18.1,0.6,1.1,107.9,157.9,257.6,312.4,56.6,3.7,0.9,916.9
maharashtra,2009,0.0,1.7,0.8,0.4,7.7,68.9,329.8,148.2,162.6,96.2,121.3,4.3,941.7
maharashtra,2010,2.9,0.1,0.9,2.3,5.4,185.6,280.9,233.2,165.6,77.1,73.4,0.2,1027.5
maharashtra,2011,0.0,0.3,0.3,5.0,2.9,133.3,261.4,238.1,148.4,62.8,0.0,0.0,852.6
maharashtra,2012,0.0,0.0,0.0,3.0,1.4,67.9,203.0,187.8,129.5,95.2,2.2,0.0,689.8
maharashtra,2013,0.1,5.3,0.8,5.7,6.0,212.4,311.8,147.0,210.3,57.8,4.0,1.3,962.4
maharashtra,2014,3.1,6.2,24.4,7.5,29.8,44.0,277.9,240.3,120.4,38.5,32.8,13.1,838.0
tripura,2000,22.5,26.1,129.1,214.2,403.6,325.4,269.2,465.0,298.3,185.2,24.2,1.1,2363.9
tripura,2001,1.5,46.9,38.8,83.6,313.8,478.0,322.6,263.0,269.0,266.4,65.4,0.2,2149.0
tripura,2002,18.6,3.9,62.7,143.8,438.7,351.6,462.2,358.4,225.7,98.9,71.9,6.0,2242.3
tripura,2003,3.8,11.5,78.0,158.9,265.6,590.9,262.4,281.7,288.4,175.1,5.1,40.9,2162.2
tripura,2004,4.8,2.7,11.0,341.5,211.0,449.2,558.6,284.3,351.0,132.7,6.4,0.5,2353.7
tripura,2005,6.4,15.0,118.6,98.1,237.0,212.3,301.5,334.8,292.6,194.3,15.6,10.5,1836.7
tripura,2006,0.6,12.4,5.5,111.1,382.2,445.6,335.0,241.6,231.1,90.4,13.0,3.7,1872.0
tripura,2007,7.9,54.7,28.7,220.4,276.7,446.3,430.0,373.8,426.6,180.5,82.6,10.1,2538.2
tripura,2008,30.7,13.8,49.6,54.9,200.8,327.4,333.3,358.6,223.7,150.2,4.7,1.2,1748.9
tripura,2009,0.0,3.2,27.5,93.1,209.5,271.9,295.8,380.9,271.3,158.2,26.1,0.2,1737.7
tripura,2010,1.0,7.9,85.8,161.5,294.0,411.6,367.5,393.2,309.8,220.2,9.2,33.5,2295.2
tripura,2011,12.6,3.6,51.4,81.1,334.9,374.2,313.3,367.6,258.3,92.6,2.4,0.2,1892.1
tripura,2012,24.5,10.2,20.3,243.5,163.5,396.2,280.1,342.7,248.7,160.9,32.0,0.4,1922.9
tripura,2013,0.2,5.7,19.7,60.3,348.9,206.6,255.9,291.3,241.4,125.6,0.3,1.2,1557.2
tripura,2014,1.2,21.0,25.4,49.6,192.5,268.3,295.7,372.3,300.9,69.6,3.3,0.1,1599.9
karnataka,2000,0.4,2.6,0.1,8.4,49.0,107.5,127.1,164.6,134.4,115.1,2.8,0.5,712.4
karnataka,2001,2.1,0.0,0.1,22.1,13.3,60.9,62.1,108.8,187.1,137.5,2.5,1.4,598.0
karnataka,2002,3.8,7.9,0.3,14.7,40.6,108.2,54.7,118.2,52.2,126.4,3.4,0.0,530.5
karnataka,2003,0.3,1.5,15.2,24.9,3.5,66.9,94.4,104.0,64.3,92.1,4.2,2.2,473.5
karnataka,2004,2.6,2.7,1.6,29.9,93.8,106.1,111.7,92.8,134.6,61.6,4.3,0.2,641.9
karnataka,2005,5.8,0.8,5.5,52.5,34.5,98.7,219.4,123.3,159.7,102.3,5.0,0.1,807.5
karnataka,2006,0.0,0.0,16.8,12.1,79.0,130.2,113.9,89.1,136.8,43.6,29.0,0.0,650.6
karnataka,2007,11.7,6.8,7.7,27.0,38.9,215.5,117.2,143.4,205.4,40.5,13.5,9.2,836.9
karnataka,2008,0.4,9.2,109.2,22.8,29.2,71.6,80.6,147.7,152.5,54.1,29.8,5.3,712.4
karnataka,2009,0.3,0.0,9.9,17.4,63.1,112.0,134.9,135.4,215.6,168.6,42.3,13.9,913.5
karnataka,2010,9.6,2.5,0.5,15.5,39.5,110.1,193.5,207.5,119.2,82.1,71.9,1.2,853.2
karnataka,2011,0.5,7.2,7.2,41.2,46.8,101.3,150.8,152.0,69.0,73.4,5.7,0.0,655.2
karnataka,2012,28.5,6.2,0.4,35.4,19.5,60.0,114.5,105.5,79.2,85.2,46.5,2.9,583.8
karnataka,2013,1.2,6.1,3.0,25.4,47.4,99.4,160.7,73.9,201.0,101.0,4.2,0.1,723.2
karnataka,2014,0.0,6.1,29.2,26.4,93.0,50.4,136.8,205.2,90.2,80.3,25.0,14.1,756.8
odisha,2000,0.9,33.3,1.1,21.3,74.7,233.7,272.3,273.6,158.0,26.6,1.6,0.1,1097.2
odisha,2001,0.4,1.4,32.3,28.7,71.0,336.1,584.2,380.9,132.0,86.8,18.7,0.0,1672.5
odisha,2002,11.7,0.2,13.1,25.1,67.5,182.4,170.2,371.2,206.5,47.1,7.8,0.0,1102.8
odisha,2003,0.1,16.2,21.6,24.7,22.6,178.9,367.5,425.1,264.3,287.4,11.0,28.8,1648.2
odisha,2004,6.8,8.0,6.4,49.2,29.7,216.4,328.0,346.4,148.1,149.6,1.8,0.0,1290.4
odisha,2005,29.4,4.0,24.3,20.9,44.9,199.4,410.3,201.0,342.8,206.9,12.4,7.1,1503.4
odisha,2006,0.2,0.0,29.9,25.0,105.6,175.2,454.0,624.9,254.7,26.4,21.0,0.0,1716.9
odisha,2007,0.7,32.5,8.0,21.0,62.8,321.0,285.1,420.6,401.7,66.4,14.0,0.0,1633.8
odisha,2008,27.5,10.4,17.5,28.2,37.4,343.5,306.4,388.3,355.0,22.1,2.7,0.0,1538.9
odisha,2009,1.9,0.5,2.7,1.1,68.2,87.3,586.0,286.9,162.5,105.8,27.3,0.1,1330.3
odisha,2010,8.8,1.2,5.6,7.8,93.0,146.4,304.9,282.7,236.0,133.0,35.6,37.2,1291.9
odisha,2011,3.7,16.2,4.9,58.2,75.6,210.1,199.6,358.6,398.7,20.2,0.1,0.4,1346.2
odisha,2012,50.8,3.6,0.9,34.8,21.3,169.6,324.3,417.0,242.4,66.0,72.1,3.1,1405.9
odisha,2013,3.3,7.8,2.1,53.6,57.7,272.6,380.0,254.9,208.1,391.0,1.2,0.0,1632.4
odisha,2014,0.0,17.6,25.1,11.7,111.9,92.2,496.2,386.3,281.1,111.8,2.2,0.9,1536.9
punjab,2000,25.4,26.6,6.9,1.3,15.3,50.1,164.8,70.0,42.0,0.0,0.7,2.2,405.3
punjab,2001,8.0,2.1,6.2,24.5,36.9,93.8,173.9,69.5,19.9,1.5,0.9,3.8,441.0
punjab,2002,2.4,6.6,6.8,3.3,20.8,24.7,50.4,58.4,95.0,2.6,0.0,3.7,274.7
punjab,2003,10.6,56.4,19.4,3.0,3.9,40.7,136.7,94.7,52.2,0.0,2.2,5.0,424.6
punjab,2004,32.4,5.7,0.0,15.5,27.2,48.8,52.1,124.2,8.9,31.2,0.8,5.0,351.7
punjab,2005,35.8,60.3,28.6,8.4,5.2,34.6,176.7,95.3,106.7,0.4,0.0,0.0,552.0
punjab,2006,15.0,3.7,46.1,1.3,32.1,73.0,220.3,90.8,120.7,24.6,13.4,6.7,647.7
punjab,2007,1.2,68.8,48.2,10.0,5.9,64.4,95.1,215.4,73.7,0.6,0.9,10.6,594.8
punjab,2008,12.0,4.1,0.0,19.7,40.6,155.5,101.9,312.2,59.8,9.9,0.6,0.9,717.1
punjab,2009,9.4,14.4,10.5,14.0,5.6,10.6,158.0,76.8,54.7,4.0,2.7,0.4,361.2
punjab,2010,3.8,13.8,1.9,0.7,6.0,41.8,143.8,96.7,112.8,4.7,1.1,24.4,451.5
punjab,2011,3.5,35.6,8.2,17.8,18.9,162.9,120.9,193.5,140.2,0.0,1.0,2.6,705.2
punjab,2012,62.6,3.2,1.9,31.1,1.6,11.9,120.2,135.1,112.3,2.2,0.4,11.0,493.6
punjab,2013,9.3,50.1,11.6,3.4,3.6,120.3,117.9,217.1,24.4,16.2,6.1,6.6,586.6
punjab,2014,21.8,20.1,30.3,24.5,20.8,20.6,76.3,41.9,105.8,6.0,0.7,14.1,382.7
sikkim,2000,10.7,36.2,55.1,185.1,326.5,649.6,574.3,498.1,465.8,82.9,22.6,1.2,2908.0
sikkim,2001,4.0,20.5,50.2,134.8,347.2,472.2,399.0,424.5,434.9,282.8,36.6,5.9,2612.6
sikkim,2002,30.1,10.0,95.6,237.1,181.7,407.2,743.3,406.6,340.1,75.7,8.7,10.8,2547.0
sikkim,2003,17.0,79.2,90.1,171.4,211.7,516.6,703.0,354.0,321.4,223.0,16.4,19.2,2723.3
sikkim,2004,19.9,11.5,40.5,163.5,287.5,489.5,739.5,356.4,394.7,198.4,9.0,4.4,2714.7
sikkim,2005,19.5,21.0,132.1,155.5,254.0,446.5,704.3,564.5,229.9,271.1,8.8,0.5,2807.7
sikkim,2006,0.7,17.0,39.8,119.3,270.5,446.2,470.2,295.0,456.8,118.4,20.3,7.9,2262.1
sikkim,2007,3.1,81.1,46.6,160.1,215.1,485.1,686.3,412.4,458.6,79.5,8.8,2.0,2638.9
sikkim,2008,33.2,22.1,79.8,141.8,171.4,526.5,657.7,636.3,296.7,97.9,16.9,9.5,2689.9
sikkim,2009,6.0,40.3,55.0,115.2,308.7,350.6,456.1,568.4,174.6,235.1,9.1,5.6,2324.6
sikkim,2010,5.6,19.6,77.6,176.6,335.9,558.1,593.4,461.3,308.1,66.2,7.9,2.2,2612.3
sikkim,2011,8.5,19.9,71.2,135.0,247.8,419.8,612.3,470.3,356.3,46.7,26.7,4.3,2418.7
sikkim,2012,15.3,13.9,45.5,159.8,202.4,604.2,684.5,332.7,434.7,119.4,12.5,7.4,2632.2
sikkim,2013,3.0,23.6,32.1,114.7,296.5,404.9,588.4,416.3,308.0,199.8,16.1,2.7,2406.1
sikkim,2014,0.2,26.6,37.7,47.9,308.6,543.2,384.6,563.3,371.5,31.2,5.3,2.4,2322.6
tamil nadu,2000,30.3,74.5,9.4,41.6,54.7,52.2,45.8,136.1,169.8,120.3,148.6,88.9,972.0
tamil nadu,2001,21.8,10.9,13.0,93.8,45.0,39.9,37.2,18.7,53.8,69.5,52.3,27.6,483.4
tamil nadu,2002,2.9,22.1,3.9,9.2,32.6,23.7,11.8,26.5,32.2,93.7,47.2,12.2,318.0
tamil nadu,2003,0.3,4.1,18.0,17.1,19.8,22.5,38.7,49.3,26.1,86.0,59.5,7.1,348.5
tamil nadu,2004,2.8,0.7,3.0,16.2,101.1,21.2,98.6,85.1,208.3,271.1,204.5,25.0,1037.6
tamil nadu,2005,4.1,11.1,24.4,128.0,80.6,35.7,87.9,93.3,117.9,280.5,353.4,148.5,1365.3
tamil nadu,2006,15.3,0.2,52.4,32.6,65.2,57.2,33.6,73.4,116.3,240.4,215.1,26.1,927.9
tamil nadu,2007,7.2,7.5,1.8,58.0,44.9,73.1,101.0,136.5,89.1,248.9,79.2,219.9,1067.2
tamil nadu,2008,11.7,29.1,164.7,31.5,53.7,51.1,73.1,126.5,70.7,242.7,298.5,50.1,1203.4
tamil nadu,2009,7.9,0.0,41.0,41.4,74.8,27.0,42.1,96.9,114.4,62.1,314.7,106.2,928.5
tamil nadu,2010,11.8,0.2,1.9,22.9,91.9,70.0,81.4,102.9,111.1,148.1,328.6,124.5,1095.2
tamil nadu,2011,4.3,11.2,8.0,91.5,33.4,56.0,45.5,128.9,76.0,200.4,230.5,41.0,926.5
tamil nadu,2012,3.0,0.1,2.5,35.5,41.9,30.1,46.5,98.0,84.9,235.2,44.5,14.0,636.1
tamil nadu,2013,3.9,30.9,30.0,20.3,42.0,54.6,42.7,110.7,113.5,127.9,112.3,53.2,741.9
tamil nadu,2014,7.4,6.1,8.1,8.3,139.1,47.8,50.6,117.7,98.9,252.2,110.8,66.0,913.0
telangana,2000,0.6,16.8,1.0,16.3,48.8,253.2,220.9,420.5,70.7,20.2,6.4,2.5,1078.0
telangana,2001,8.5,0.0,21.5,37.3,7.5,183.9,123.8,266.8,119.9,135.6,17.4,0.0,922.3
telangana,2002,18.8,10.1,7.6,7.7,32.0,143.2,91.7,321.7,52.4,76.2,3.9,0.0,765.3
telangana,2003,0.0,10.7,21.9,14.0,7.9,112.6,312.2,266.5,103.2,101.7,7.3,5.3,963.2
telangana,2004,34.4,17.9,9.3,25.9,34.6,64.6,216.7,117.7,110.1,30.6,5.3,0.0,667.0
telangana,2005,43.4,14.1,14.6,23.8,19.7,115.1,400.3,126.9,246.3,136.1,3.9,18.8,1163.1
telangana,2006,0.0,0.0,42.7,38.6,46.1,104.8,169.5,308.2,280.2,28.1,34.7,0.0,1053.0
telangana,2007,0.0,0.0,0.1,0.1,9.2,176.6,134.6,206.6,262.3,40.8,13.0,0.0,843.3
telangana,2008,0.2,18.6,108.6,15.7,4.9,132.9,183.4,391.8,146.7,24.2,7.5,0.8,1035.3
telangana,2009,0.0,0.0,2.1,4.5,13.1,85.8,118.4,192.3,149.7,69.5,29.6,1.2,666.3
telangana,2010,10.3,5.3,1.5,5.6,24.9,127.0,395.5,308.1,249.8,98.7,40.5,9.3,1276.4
telangana,2011,0.0,11.9,2.6,25.6,9.3,83.9,268.2,225.9,107.6,13.9,4.2,0.0,753.1
telangana,2012,6.7,0.0,0.2,14.0,8.4,124.4,300.3,229.9,202.4,83.6,38.7,0.0,1008.6
telangana,2013,2.4,29.0,0.2,24.4,8.5,213.4,453.8,230.6,161.4,205.9,16.4,2.7,1348.7
telangana,2014,0.2,2.9,58.3,10.3,73.3,62.3,146.0,205.2,146.8,29.6,10.8,0.7,746.4
uttarakhand,2000,29.9,69.4,37.9,18.1,83.3,313.9,420.1,536.1,195.3,1.1,7.0,0.7,1712.9
uttarakhand,2001,22.7,27.9,83.4,48.2,109.1,297.3,493.0,371.7,68.3,6.3,1.4,15.1,1544.4
uttarakhand,2002,53.8,123.2,100.0,76.3,82.3,139.6,205.7,465.4,301.3,19.9,3.0,4.2,1574.7
uttarakhand,2003,40.7,126.0,99.7,54.1,67.1,145.2,515.3,416.2,239.9,1.8,4.8,23.6,1734.3
uttarakhand,2004,58.5,11.7,0.0,51.5,66.0,130.7,400.9,326.3,96.8,70.7,0.8,5.7,1219.6
uttarakhand,2005,64.1,83.2,54.2,12.8,52.1,74.0,400.1,249.2,337.9,14.1,2.2,4.3,1348.2
uttarakhand,2006,48.7,9.6,71.7,52.2,120.5,104.2,345.6,294.7,79.1,18.8,6.8,27.0,1178.9
uttarakhand,2007,1.7,138.9,123.1,41.1,78.8,139.9,522.9,502.8,325.6,25.1,7.8,16.7,1924.3
uttarakhand,2008,55.6,11.7,18.1,93.0,67.3,332.4,313.3,245.8,190.8,23.1,11.9,0.6,1363.7
uttarakhand,2009,1.8,27.6,18.8,18.4,77.6,41.9,157.5,202.6,206.6,81.3,12.6,0.9,847.8
uttarakhand,2010,11.4,62.1,3.8,13.8,47.0,72.7,455.8,335.7,389.7,8.0,4.5,19.5,1424.0
uttarakhand,2011,30.9,65.2,18.0,30.9,84.2,223.1,433.3,523.7,148.4,3.4,1.2,2.3,1564.7
uttarakhand,2012,38.8,11.9,28.1,39.2,9.1,46.0,387.1,419.5,220.6,4.7,3.4,15.5,1223.9
uttarakhand,2013,73.0,188.3,22.0,24.7,18.2,488.9,413.4,359.4,111.3,29.1,3.2,3.8,1735.4
uttarakhand,2014,45.9,99.9,68.4,37.6,52.9,62.9,462.7,264.2,107.9,40.8,0.0,44.3,1287.4
madhya pradesh,2000,0.1,,0.1,0.1,30.1,93.4,320.5,136.2,31.6,1.2,0.0,0.2,
madhya pradesh,2001,2.1,0.0,1.1,6.0,16.4,203.6,269.2,198.9,27.5,62.2,0.0,0.0,787.0
madhya pradesh,2002,0.4,19.7,1.5,1.7,3.9,138.9,46.9,317.7,141.0,5.9,5.9,0.8,684.1
madhya pradesh,2003,1.1,21.1,0.1,1.0,0.3,128.7,307.5,228.0,254.9,0.9,0.2,2.5,946.4
madhya pradesh,2004,16.8,0.0,0.0,0.4,4.8,83.7,218.0,421.9,55.7,43.7,2.2,0.8,848.1
madhya pradesh,2005,13.7,3.1,12.3,6.1,1.9,81.2,345.7,130.5,155.1,1.3,0.0,1.4,752.2
madhya pradesh,2006,0.0,0.0,44.3,3.3,22.8,74.5,299.0,501.9,198.1,13.7,8.6,3.0,1169.2
madhya pradesh,2007,1.7,11.5,2.6,0.6,14.6,99.9,305.6,220.6,138.3,0.0,10.5,0.6,806.5
madhya pradesh,2008,0.4,0.0,2.5,2.5,3.8,194.2,221.8,205.8,139.7,12.9,7.5,0.0,791.1
madhya pradesh,2009,5.5,0.0,0.1,1.3,6.5,56.8,320.3,172.7,139.6,89.9,65.1,19.1,877.0
madhya pradesh,2010,2.2,5.4,0.8,0.1,0.4,62.2,258.5,291.5,136.1,13.6,4.6,0.8,776.3
madhya pradesh,2011,0.0,1.7,0.1,1.8,3.6,241.5,306.7,343.3,165.0,0.2,0.0,0.0,1063.9
madhya pradesh,2012,6.2,0.0,0.0,0.9,3.1,48.2,439.2,341.2,194.3,2.1,0.0,0.0,1035.2
madhya pradesh,2013,1.7,31.1,8.5,2.8,0.4,263.7,485.1,432.6,98.9,68.7,0.3,2.4,1396.3
madhya pradesh,2014,25.6,34.4,4.6,1.4,1.4,30.6,337.4,211.0,192.6,7.0,3.0,15.8,864.9
manipur,2000,22.5,26.1,129.1,214.2,403.6,325.4,269.2,465.0,298.3,185.2,24.2,1.1,2363.9
manipur,2001,1.5,46.9,38.8,83.6,313.8,478.0,322.6,263.0,269.0,266.4,65.4,0.2,2149.0
manipur,2002,18.6,3.9,62.7,143.8,438.7,351.6,462.2,358.4,225.7,98.9,71.9,6.0,2242.3
manipur,2003,3.8,11.5,78.0,158.9,265.6,590.9,262.4,281.7,288.4,175.1,5.1,40.9,2162.2
manipur,2004,4.8,2.7,11.0,341.5,211.0,449.2,558.6,284.3,351.0,132.7,6.4,0.5,2353.7
manipur,2005,6.4,15.0,118.6,98.1,237.0,212.3,301.5,334.8,292.6,194.3,15.6,10.5,1836.7
manipur,2006,0.6,12.4,5.5,111.1,382.2,445.6,335.0,241.6,231.1,90.4,13.0,3.7,1872.0
manipur,2007,7.9,54.7,28.7,220.4,276.7,446.3,430.0,373.8,426.6,180.5,82.6,10.1,2538.2
manipur,2008,30.7,13.8,49.6,54.9,200.8,327.4,333.3,358.6,223.7,150.2,4.7,1.2,1748.9
manipur,2009,0.0,3.2,27.5,93.1,209.5,271.9,295.8,380.9,271.3,158.2,26.1,0.2,1737.7
manipur,2010,1.0,7.9,85.8,161.5,294.0,411.6,367.5,393.2,309.8,220.2,9.2,33.5,2295.2
manipur,2011,12.6,3.6,51.4,81.1,334.9,374.2,313.3,367.6,258.3,92.6,2.4,0.2,1892.1
manipur,2012,24.5,10.2,20.3,243.5,163.5,396.2,280.1,342.7,248.7,160.9,32.0,0.4,1922.9
manipur,2013,0.2,5.7,19.7,60.3,348.9,206.6,255.9,291.3,241.4,125.6,0.3,1.2,1557.2
manipur,2014,1.2,21.0,25.4,49.6,192.5,268.3,295.7,372.3,300.9,69.6,3.3,0.1,1599.9
nagaland,2000,22.5,26.1,129.1,214.2,403.6,325.4,269.2,465.0,298.3,185.2,24.2,1.1,2363.9
nagaland,2001,1.5,46.9,38.8,83.6,313.8,478.0,322.6,263.0,269.0,266.4,65.4,0.2,2149.0
nagaland,2002,18.6,3.9,62.7,143.8,438.7,351.6,462.2,358.4,225.7,98.9,71.9,6.0,2242.3
nagaland,2003,3.8,11.5,78.0,158.9,265.6,590.9,262.4,281.7,288.4,175.1,5.1,40.9,2162.2
nagaland,2004,4.8,2.7,11.0,341.5,211.0,449.2,558.6,284.3,351.0,132.7,6.4,0.5,2353.7
nagaland,2005,6.4,15.0,118.6,98.1,237.0,212.3,301.5,334.8,292.6,194.3,15.6,10.5,1836.7
nagaland,2006,0.6,12.4,5.5,111.1,382.2,445.6,335.0,241.6,231.1,90.4,13.0,3.7,1872.0
nagaland,2007,7.9,54.7,28.7,220.4,276.7,446.3,430.0,373.8,426.6,180.5,82.6,10.1,2538.2
nagaland,2008,30.7,13.8,49.6,54.9,200.8,327.4,333.3,358.6,223.7,150.2,4.7,1.2,1748.9
nagaland,2009,0.0,3.2,27.5,93.1,209.5,271.9,295.8,380.9,271.3,158.2,26.1,0.2,1737.7
nagaland,2010,1.0,7.9,85.8,161.5,294.0,411.6,367.5,393.2,309.8,220.2,9.2,33.5,2295.2
nagaland,2011,12.6,3.6,51.4,81.1,334.9,374.2,313.3,367.6,258.3,92.6,2.4,0.2,1892.1
nagaland,2012,24.5,10.2,20.3,243.5,163.5,396.2,280.1,342.7,248.7,160.9,32.0,0.4,1922.9
nagaland,2013,0.2,5.7,19.7,60.3,348.9,206.6,255.9,291.3,241.4,125.6,0.3,1.2,1557.2
nagaland,2014,1.2,21.0,25.4,49.6,192.5,268.3,295.7,372.3,300.9,69.6,3.3,0.1,1599.9
mizoram,2000,22.5,26.1,129.1,214.2,403.6,325.4,269.2,465.0,298.3,185.2,24.2,1.1,2363.9
mizoram,2001,1.5,46.9,38.8,83.6,313.8,478.0,322.6,263.0,269.0,266.4,65.4,0.2,2149.0
mizoram,2002,18.6,3.9,62.7,143.8,438.7,351.6,462.2,358.4,225.7,98.9,71.9,6.0,2242.3
mizoram,2003,3.8,11.5,78.0,158.9,265.6,590.9,262.4,281.7,288.4,175.1,5.1,40.9,2162.2
mizoram,2004,4.8,2.7,11.0,341.5,211.0,449.2,558.6,284.3,351.0,132.7,6.4,0.5,2353.7
mizoram,2005,6.4,15.0,118.6,98.1,237.0,212.3,301.5,334.8,292.6,194.3,15.6,10.5,1836.7
mizoram,2006,0.6,12.4,5.5,111.1,382.2,445.6,335.0,241.6,231.1,90.4,13.0,3.7,1872.0
mizoram,2007,7.9,54.7,28.7,220.4,276.7,446.3,430.0,373.8,426.6,180.5,82.6,10.1,2538.2
mizoram,2008,30.7,13.8,49.6,54.9,200.8,327.4,333.3,358.6,223.7,150.2,4.7,1.2,1748.9
mizoram,2009,0.0,3.2,27.5,93.1,209.5,271.9,295.8,380.9,271.3,158.2,26.1,0.2,1737.7
mizoram,2010,1.0,7.9,85.8,161.5,294.0,411.6,367.5,393.2,309.8,220.2,9.2,33.5,2295.2
mizoram,2011,12.6,3.6,51.4,81.1,334.9,374.2,313.3,367.6,258.3,92.6,2.4,0.2,1892.1
mizoram,2012,24.5,10.2,20.3,243.5,163.5,396.2,280.1,342.7,248.7,160.9,32.0,0.4,1922.9
mizoram,2013,0.2,5.7,19.7,60.3,348.9,206.6,255.9,291.3,241.4,125.6,0.3,1.2,1557.2
mizoram,2014,1.2,21.0,25.4,49.6,192.5,268.3,295.7,372.3,300.9,69.6,3.3,0.1,1599.9
chandigarh,2000,17.1,29.1,1.4,1.3,22.8,58.9,146.8,87.9,17.5,0.0,0.4,1.2,384.4
chandigarh,2001,17.8,5.2,7.2,19.8,47.8,117.2,145.2,103.5,10.3,11.1,0.1,0.2,485.5
chandigarh,2002,11.6,31.1,9.0,1.1,52.0,21.2,19.4,78.2,123.0,1.9,0.0,8.8,357.2
chandigarh,2003,14.7,29.9,4.0,1.8,7.5,26.6,277.6,165.3,58.9,0.0,0.1,11.0,597.6
chandigarh,2004,25.4,0.3,0.0,18.1,40.7,52.5,19.9,252.9,22.1,54.1,0.0,1.2,487.3
chandigarh,2005,13.9,35.7,29.9,2.7,7.6,53.9,175.6,52.6,146.7,0.0,0.8,0.0,519.5
chandigarh,2006,2.3,0.1,30.4,0.6,24.8,45.4,135.2,32.1,49.9,3.8,1.2,5.2,330.9
chandigarh,2007,0.5,76.0,40.1,2.0,12.4,88.7,82.0,87.9,55.2,0.1,0.3,1.4,446.6
chandigarh,2008,2.4,0.4,0.6,13.4,72.9,193.5,124.3,174.2,114.5,8.4,5.5,0.2,710.4
chandigarh,2009,4.1,5.9,5.7,11.7,17.7,15.2,106.4,63.8,160.8,2.5,1.1,0.4,395.4
chandigarh,2010,4.8,10.2,0.5,0.8,5.9,29.1,189.3,198.5,183.9,1.1,3.5,12.8,640.5
chandigarh,2011,0.7,26.7,6.9,8.9,28.7,94.4,85.0,127.3,133.1,0.0,0.0,0.4,512.0
chandigarh,2012,8.2,0.2,0.1,11.8,3.8,5.3,68.1,196.6,90.7,2.4,0.6,3.5,391.4
chandigarh,2013,21.1,52.2,5.3,3.3,1.4,62.1,96.5,161.9,42.8,10.9,1.7,2.1,461.2
chandigarh,2014,13.0,17.3,26.8,7.5,20.3,25.9,72.3,34.8,67.3,10.5,0.2,9.6,305.5
dadra and nagar haveli,2000,0.0,0.1,0.0,0.0,36.1,62.9,301.1,133.0,13.5,0.2,0.0,3.6,550.6
dadra and nagar haveli,2001,6.1,0.0,0.0,0.2,2.1,216.9,320.0,256.8,17.8,28.9,0.2,0.0,849.0
dadra and nagar haveli,2002,4.1,0.0,0.1,0.0,0.0,234.2,45.8,238.5,113.7,0.6,0.1,0.1,637.2
dadra and nagar haveli,2003,0.0,6.1,0.1,0.0,0.0,209.3,518.7,314.6,109.5,1.9,0.0,0.0,1160.3
dadra and nagar haveli,2004,0.0,0.0,0.0,0.0,4.4,135.5,238.2,553.7,51.8,22.2,0.0,0.0,1005.8
dadra and nagar haveli,2005,0.0,0.0,0.0,0.0,0.3,367.3,378.7,229.4,339.2,1.4,0.0,0.0,1316.4
dadra and nagar haveli,2006,0.0,0.0,0.8,0.0,0.2,123.5,576.0,624.8,140.6,9.2,2.9,0.0,1478.0
dadra and nagar haveli,2007,0.1,0.4,0.0,0.0,0.3,94.0,567.8,345.6,169.4,0.0,1.4,0.0,1178.9
dadra and nagar haveli,2008,0.0,0.0,0.0,3.1,0.1,58.2,261.9,369.5,204.3,11.6,0.1,2.3,911.1
dadra and nagar haveli,2009,0.0,0.0,0.3,0.0,0.0,17.0,390.3,143.5,54.9,27.4,8.1,0.0,641.6
dadra and nagar haveli,2010,0.2,0.0,0.0,0.0,0.0,59.3,328.2,431.0,216.6,12.2,41.0,0.2,1088.7
dadra and nagar haveli,2011,0.0,0.2,0.0,0.0,0.0,16.3,259.2,451.7,162.5,0.4,0.0,0.0,890.5
dadra and nagar haveli,2012,0.1,0.0,0.0,0.0,0.0,34.4,178.2,230.3,263.8,7.1,0.0,0.0,714.0
dadra and nagar haveli,2013,0.0,0.9,0.1,4.6,0.0,155.7,405.4,211.1,287.3,53.2,0.1,0.0,1118.6
dadra and nagar haveli,2014,5.7,0.1,0.2,1.0,1.3,11.6,307.5,138.6,235.1,3.3,1.3,0.0,705.7